<?xml version="1.0" encoding="UTF-8" standalone="no" ?>
<BuildingInformation>
	<Classification>
		<System>
			<Name>ÖNORM 1801-1</Name>
			<EditionVersion>2022</EditionVersion>
			<EditionDate>
				<Year>2023</Year>
				<Month>10</Month>
				<Day>18</Day>
			</EditionDate>
			<Description>ÖNORM B 1801-1 für den Export von IFC Dateien für die Madaster AUT Plattform

Defintion ÖNORM B 1801-1:“Die vorliegende ÖNORM ist für die Planung und Gliederung von Qualität, Kosten, Terminen sowie für die Gliederung der Dokumentation bei Baumaßnahmen in allen Projektphasen der Objekterrichtung anzuwenden und stellt die erforderliche Durchgängigkeit der Informationen und Daten sicher. Sie legt Begriffe und Unterscheidungsmerkmale fest und schafft damit die Voraussetzungen für die Vergleichbarkeit der Ergebnisse von Qualität, Kosten und Terminen. Das in dieser ÖNORM dargelegte Planungssystem und die entsprechenden Gliederungssysteme beziehen sich vornehmlich auf den Bereich des Hochbaus. Bei anderen Anforderungen (z. B. Ingenieur- oder Verkehrsinfrastrukturbau) sind Ergänzungen und Anpassungen des Planungssystems und der Gliederungssysteme zulässig.” Beschreibung von: https://shop.austrian-standards.at/action/de/public/details/1165987/OENORM_B_1801-1_2022_03_01</Description>
			<Source>© 2023 Austrian Standards - Erstellt von: Madaster AUT</Source>
			<Items>
				<Item>
					<ID>0 Grund</ID>
					<Name/>
					<Description/>
					<Children>
						<Item>
							<ID>0A Allgemein</ID>
							<Name/>
							<Description/>
							<Children>
								<Item>
									<ID>0A.01 Allgemeine Maßnahmen</ID>
									<Name/>
									<Description/>
									<Children/>
								</Item>
								<Item>
									<ID>0A.02 Sonstiges zu Allgemein</ID>
									<Name/>
									<Description/>
									<Children/>
								</Item>
							</Children>
						</Item>
						<Item>
							<ID>0B Grunderwerb</ID>
							<Name/>
							<Description/>
							<Children>
								<Item>
									<ID>0B.01 Erwerb Grund</ID>
									<Name/>
									<Description/>
									<Children/>
								</Item>
								<Item>
									<ID>0B.02 Erwerb Baurecht</ID>
									<Name/>
									<Description/>
									<Children/>
								</Item>
							</Children>
						</Item>
						<Item>
							<ID>0C Grunderwerbsnebenkosten</ID>
							<Name/>
							<Description/>
							<Children>
								<Item>
									<ID>0C.01 Vorstudien, Gutachten</ID>
									<Name/>
									<Description/>
									<Children/>
								</Item>
								<Item>
									<ID>0C.02 Wertermittlung, Untersuchung</ID>
									<Name/>
									<Description/>
									<Children/>
								</Item>
								<Item>
									<ID>0C.03 Gebühren, Steuern</ID>
									<Name/>
									<Description/>
									<Children/>
								</Item>
							</Children>
						</Item>
						<Item>
							<ID>0D Spezielle Maßnahmen</ID>
							<Name/>
							<Description/>
							<Children>
								<Item>
									<ID>0D.01 Abfindungen</ID>
									<Name/>
									<Description/>
									<Children/>
								</Item>
								<Item>
									<ID>0D.02 Ablösen von Rechten und Lasten</ID>
									<Name/>
									<Description/>
									<Children/>
								</Item>
							</Children>
						</Item>
					</Children>
				</Item>
				<Item>
					<ID>1 Aufschließung</ID>
					<Name/>
					<Description/>
					<Children>
						<Item>
							<ID>1A Allgemein</ID>
							<Name/>
							<Description/>
							<Children>
								<Item>
									<ID>1A.01 Besondere Baustelleneinrichtung</ID>
									<Name/>
									<Description/>
									<Children/>
								</Item>
								<Item>
									<ID>1A.02 Allgemeine Sicherungsmaßnahmen</ID>
									<Name/>
									<Description/>
									<Children/>
								</Item>
								<Item>
									<ID>1A.03 Sonstiges zu Aufschließung</ID>
									<Name/>
									<Description/>
									<Children/>
								</Item>
							</Children>
						</Item>
						<Item>
							<ID>1B Baureifmachung</ID>
							<Name/>
							<Description/>
							<Children>
								<Item>
									<ID>1B.01 Altlastenbeseitigung</ID>
									<Name/>
									<Description/>
									<Children/>
								</Item>
								<Item>
									<ID>1B.02 Abbruchmaßnahmen</ID>
									<Name/>
									<Description/>
									<Children/>
								</Item>
								<Item>
									<ID>1B.03 Geländeoberfläche herrichten</ID>
									<Name/>
									<Description/>
									<Children/>
								</Item>
								<Item>
									<ID>1B.04 Kulturhistorische Funde</ID>
									<Name/>
									<Description/>
									<Children/>
								</Item>
								<Item>
									<ID>1B.05 Kampfmittelräumung</ID>
									<Name/>
									<Description/>
									<Children/>
								</Item>
							</Children>
						</Item>
						<Item>
							<ID>1C Erschließung</ID>
							<Name/>
							<Description/>
							<Children>
								<Item>
									<ID>1C.01 Entsorgungsleitungen</ID>
									<Name/>
									<Description/>
									<Children/>
								</Item>
								<Item>
									<ID>1C.02 Versorgungsleitungen</ID>
									<Name/>
									<Description/>
									<Children/>
								</Item>
								<Item>
									<ID>1C.03 Verkehrserschließung</ID>
									<Name/>
									<Description/>
									<Children/>
								</Item>
								<Item>
									<ID>1C.04 Sonstige Erschließungen</ID>
									<Name/>
									<Description/>
									<Children/>
								</Item>
							</Children>
						</Item>
						<Item>
							<ID>1D Abbruch, Rückbau</ID>
							<Name/>
							<Description/>
							<Children>
								<Item>
									<ID>1D.01 Rückbaumaßnahmen</ID>
									<Name/>
									<Description/>
									<Children/>
								</Item>
								<Item>
									<ID>1D.02 Baustellenrecycling</ID>
									<Name/>
									<Description/>
									<Children/>
								</Item>
								<Item>
									<ID>1D.03 Altlastenentsorgung</ID>
									<Name/>
									<Description/>
									<Children/>
								</Item>
							</Children>
						</Item>
						<Item>
							<ID>1E Provisorien</ID>
							<Name/>
							<Description/>
							<Children>
								<Item>
									<ID>1E.01 Baustellenprovisorien</ID>
									<Name/>
									<Description/>
									<Children/>
								</Item>
								<Item>
									<ID>1E.02 Bauprovisorien</ID>
									<Name/>
									<Description/>
									<Children/>
								</Item>
								<Item>
									<ID>1E.03 Verkehrsprovisorien</ID>
									<Name/>
									<Description/>
									<Children/>
								</Item>
							</Children>
						</Item>
					</Children>
				</Item>
				<Item>
					<ID>2 Bauwerk - Rohbau</ID>
					<Name/>
					<Description/>
					<Children>
						<Item>
							<ID>2A Allgemein und Sonstiges</ID>
							<Name/>
							<Description/>
							<Children>
								<Item>
									<ID>2A.01 Baustelleneinrichtung</ID>
									<Name/>
									<Description/>
									<Children/>
								</Item>
								<Item>
									<ID>2A.02 Allgemeine Sicherungsmaßnahmen</ID>
									<Name/>
									<Description/>
									<Children/>
								</Item>
								<Item>
									<ID>2A.03 Sonstige Maßnahmen</ID>
									<Name/>
									<Description/>
									<Children/>
								</Item>
								<Item>
									<ID>2A.04 Winterbaumaßnahmen</ID>
									<Name/>
									<Description/>
									<Children/>
								</Item>
								<Item>
									<ID>2A.05 Rückbau/Abbruchmaßnahmen</ID>
									<Name/>
									<Description/>
									<Children/>
								</Item>
							</Children>
						</Item>
						<Item>
							<ID>2B Erdarbeiten, Baugrube</ID>
							<Name/>
							<Description/>
							<Children>
								<Item>
									<ID>2B.01 Baugrubenherstellung</ID>
									<Name/>
									<Description/>
									<Children/>
								</Item>
								<Item>
									<ID>2B.02 Baugrubenumschließung</ID>
									<Name/>
									<Description/>
									<Children/>
								</Item>
								<Item>
									<ID>2B.03 Wasserhaltung</ID>
									<Name/>
									<Description/>
									<Children/>
								</Item>
							</Children>
						</Item>
						<Item>
							<ID>2C Gründungen, Unterbau</ID>
							<Name/>
							<Description/>
							<Children>
								<Item>
									<ID>2C.01 Baugrundverbesserungen</ID>
									<Name/>
									<Description/>
									<Children/>
								</Item>
								<Item>
									<ID>2C.02 Tiefgründungen</ID>
									<Name/>
									<Description/>
									<Children/>
								</Item>
								<Item>
									<ID>2C.03 Flachgründungen</ID>
									<Name/>
									<Description/>
									<Children/>
								</Item>
								<Item>
									<ID>2C.04 Bodenkonstruktionen</ID>
									<Name/>
									<Description/>
									<Children/>
								</Item>
								<Item>
									<ID>2C.05 Bauwerksabdichtungen</ID>
									<Name/>
									<Description/>
									<Children/>
								</Item>
							</Children>
						</Item>
						<Item>
							<ID>2D Horizontale Baukonstruktionen</ID>
							<Name/>
							<Description/>
							<Children>
								<Item>
									<ID>2D.01 Deckenkonstruktionen</ID>
									<Name/>
									<Description/>
									<Children/>
								</Item>
								<Item>
									<ID>2D.02 Treppenkonstruktionen</ID>
									<Name/>
									<Description/>
									<Children/>
								</Item>
								<Item>
									<ID>2D.03 Dachkonstruktionen</ID>
									<Name/>
									<Description/>
									<Children/>
								</Item>
								<Item>
									<ID>2D.04 Spezielle Konstruktionen</ID>
									<Name/>
									<Description/>
									<Children/>
								</Item>
								<Item>
									<ID>2D.05 Elementierte Deckenkonstruktionen</ID>
									<Name/>
									<Description/>
									<Children/>
								</Item>
							</Children>
						</Item>
						<Item>
							<ID>2E Vertikale Rohbaukonstruktionen</ID>
							<Name/>
							<Description/>
							<Children>
								<Item>
									<ID>2E.01 Außenwandkonstruktionen</ID>
									<Name/>
									<Description/>
									<Children/>
								</Item>
								<Item>
									<ID>2E.02 Innenwandkonstruktionen</ID>
									<Name/>
									<Description/>
									<Children/>
								</Item>
								<Item>
									<ID>2E.03 Stützenkonstruktionen</ID>
									<Name/>
									<Description/>
									<Children/>
								</Item>
								<Item>
									<ID>2E.04 Spezielle Konstruktionen</ID>
									<Name/>
									<Description/>
									<Children/>
								</Item>
								<Item>
									<ID>2E.05 Elementierte Wandkonstruktionen</ID>
									<Name/>
									<Description/>
									<Children/>
								</Item>
							</Children>
						</Item>
						<Item>
							<ID>2F Spezielle Baukonstruktionen</ID>
							<Name/>
							<Description/>
							<Children/>
						</Item>
						<Item>
							<ID>2G Rohbau zu Bauwerk-Technik</ID>
							<Name/>
							<Description/>
							<Children>
								<Item>
									<ID>2G.01 Entsorgungsleitungen</ID>
									<Name/>
									<Description/>
									<Children/>
								</Item>
								<Item>
									<ID>2G.02 Versorgungsleitungen</ID>
									<Name/>
									<Description/>
									<Children/>
								</Item>
								<Item>
									<ID>2G.03 Rauch- und Abgasfänge</ID>
									<Name/>
									<Description/>
									<Children/>
								</Item>
							</Children>
						</Item>
					</Children>
				</Item>
				<Item>
					<ID>3 Bauwerk - Technik</ID>
					<Name/>
					<Description/>
					<Children>
						<Item>
							<ID>3A Allgemein</ID>
							<Name/>
							<Description/>
							<Children>
								<Item>
									<ID>3A.01 Baustelleneinrichtung</ID>
									<Name/>
									<Description/>
									<Children/>
								</Item>
								<Item>
									<ID>3A.02 Allgemeine Sicherungsmaßnahmen</ID>
									<Name/>
									<Description/>
									<Children/>
								</Item>
								<Item>
									<ID>3A.03 Sonstiges zu Bauwerk-Technik</ID>
									<Name/>
									<Description/>
									<Children/>
								</Item>
							</Children>
						</Item>
						<Item>
							<ID>3B Förderanlagen</ID>
							<Name/>
							<Description/>
							<Children>
								<Item>
									<ID>3B.01 Aufzugsanlagen</ID>
									<Name/>
									<Description/>
									<Children/>
								</Item>
								<Item>
									<ID>3B.02 Fahrtreppen</ID>
									<Name/>
									<Description/>
									<Children/>
								</Item>
								<Item>
									<ID>3B.03 Befahranlagen</ID>
									<Name/>
									<Description/>
									<Children/>
								</Item>
								<Item>
									<ID>3B.04 Transportanlagen</ID>
									<Name/>
									<Description/>
									<Children/>
								</Item>
								<Item>
									<ID>3B.05 Krananlagen</ID>
									<Name/>
									<Description/>
									<Children/>
								</Item>
							</Children>
						</Item>
						<Item>
							<ID>3C Wärmeversorgungsanlagen</ID>
							<Name/>
							<Description/>
							<Children>
								<Item>
									<ID>3C.01 Wärmeerzeugungsanlagen</ID>
									<Name/>
									<Description/>
									<Children/>
								</Item>
								<Item>
									<ID>3C.02 Wärmeverteilnetze</ID>
									<Name/>
									<Description/>
									<Children/>
								</Item>
								<Item>
									<ID>3C.03 Raumheizflächen</ID>
									<Name/>
									<Description/>
									<Children/>
								</Item>
							</Children>
						</Item>
						<Item>
							<ID>3D Klima-/Lüftungsanlagen</ID>
							<Name/>
							<Description/>
							<Children>
								<Item>
									<ID>3D.01 Lüftungsanlagen</ID>
									<Name/>
									<Description/>
									<Children/>
								</Item>
								<Item>
									<ID>3D.02 Teilklimaanlagen</ID>
									<Name/>
									<Description/>
									<Children/>
								</Item>
								<Item>
									<ID>3D.03 Klimaanlagen</ID>
									<Name/>
									<Description/>
									<Children/>
								</Item>
								<Item>
									<ID>3D.04 Kälteanlagen</ID>
									<Name/>
									<Description/>
									<Children/>
								</Item>
								<Item>
									<ID>3D.05 Prozesslufttechnische Anlagen</ID>
									<Name/>
									<Description/>
									<Children/>
								</Item>
							</Children>
						</Item>
						<Item>
							<ID>3E Sanitär-/Gasanlagen</ID>
							<Name/>
							<Description/>
							<Children>
								<Item>
									<ID>3E.01 Abwasseranlagen</ID>
									<Name/>
									<Description/>
									<Children/>
								</Item>
								<Item>
									<ID>3E.02 Wasseranlagen</ID>
									<Name/>
									<Description/>
									<Children/>
								</Item>
								<Item>
									<ID>3E.03 Gasanlagen</ID>
									<Name/>
									<Description/>
									<Children/>
								</Item>
								<Item>
									<ID>3E.04 Feuerlöschanlagen</ID>
									<Name/>
									<Description/>
									<Children/>
								</Item>
							</Children>
						</Item>
						<Item>
							<ID>3F Starkstromanlagen</ID>
							<Name/>
							<Description/>
							<Children>
								<Item>
									<ID>3F.01 Hoch-/Mittelspannungsanlagen</ID>
									<Name/>
									<Description/>
									<Children/>
								</Item>
								<Item>
									<ID>3F.02 Eigenstromversorgung</ID>
									<Name/>
									<Description/>
									<Children/>
								</Item>
								<Item>
									<ID>3F.03 Niederspannungsschaltanlagen</ID>
									<Name/>
									<Description/>
									<Children/>
								</Item>
								<Item>
									<ID>3F.04 Niederspannungsinstallation</ID>
									<Name/>
									<Description/>
									<Children/>
								</Item>
								<Item>
									<ID>3F.05 Beleuchtungsanlagen</ID>
									<Name/>
									<Description/>
									<Children/>
								</Item>
								<Item>
									<ID>3F.06 Blitzschutzanlagen</ID>
									<Name/>
									<Description/>
									<Children/>
								</Item>
							</Children>
						</Item>
						<Item>
							<ID>3G Fernmelde- und informationstechnische Anlagen</ID>
							<Name/>
							<Description/>
							<Children>
								<Item>
									<ID>3G.01 Telekommunikationsanlagen</ID>
									<Name/>
									<Description/>
									<Children/>
								</Item>
								<Item>
									<ID>3G.02 Such-/Signalanlagen</ID>
									<Name/>
									<Description/>
									<Children/>
								</Item>
								<Item>
									<ID>3G.03 Zeitdienstanlagen</ID>
									<Name/>
									<Description/>
									<Children/>
								</Item>
								<Item>
									<ID>3G.04 Elektroakustische Anlagen</ID>
									<Name/>
									<Description/>
									<Children/>
								</Item>
								<Item>
									<ID>3G.05 Fernseh-/Antennenanlagen</ID>
									<Name/>
									<Description/>
									<Children/>
								</Item>
								<Item>
									<ID>3G.06 Gefahrenmelde-/Alarmanlagen</ID>
									<Name/>
									<Description/>
									<Children/>
								</Item>
								<Item>
									<ID>3G.07 Übertragungsnetze</ID>
									<Name/>
									<Description/>
									<Children/>
								</Item>
							</Children>
						</Item>
						<Item>
							<ID>3H Gebäudeautomation</ID>
							<Name/>
							<Description/>
							<Children>
								<Item>
									<ID>3H.01 Mess-, Steuer-, Regel- und Leitanlagen</ID>
									<Name/>
									<Description/>
									<Children/>
								</Item>
							</Children>
						</Item>
						<Item>
							<ID>3I Spezielle Anlagen</ID>
							<Name/>
							<Description/>
							<Children>
								<Item>
									<ID>3I.01 Maschinenanlagen</ID>
									<Name/>
									<Description/>
									<Children/>
								</Item>
								<Item>
									<ID>3I.02 Mechatronische Anlagen</ID>
									<Name/>
									<Description/>
									<Children/>
								</Item>
							</Children>
						</Item>
					</Children>
				</Item>
				<Item>
					<ID>4 Bauwerk Ausbau</ID>
					<Name/>
					<Description/>
					<Children>
						<Item>
							<ID>4A Allgemein</ID>
							<Name/>
							<Description/>
							<Children>
								<Item>
									<ID>4A.01 Baustelleneinrichtung</ID>
									<Name/>
									<Description/>
									<Children/>
								</Item>
								<Item>
									<ID>4A.02 Allgemeine Sicherungsmaßnahmen</ID>
									<Name/>
									<Description/>
									<Children/>
								</Item>
								<Item>
									<ID>4A.03 Sonstiges zu Bauwerk-Ausbau</ID>
									<Name/>
									<Description/>
									<Children/>
								</Item>
							</Children>
						</Item>
						<Item>
							<ID>4B Dachflächen</ID>
							<Name/>
							<Description/>
							<Children>
								<Item>
									<ID>4B.01 Dachbeläge</ID>
									<Name/>
									<Description/>
									<Children/>
								</Item>
								<Item>
									<ID>4B.02 Dachfenster/Dachöffnungen</ID>
									<Name/>
									<Description/>
									<Children/>
								</Item>
								<Item>
									<ID>4B.03 Balkon-/Terrassenbeläge</ID>
									<Name/>
									<Description/>
									<Children/>
								</Item>
								<Item>
									<ID>4B.04 Feste Einbauteile</ID>
									<Name/>
									<Description/>
									<Children/>
								</Item>
								<Item>
									<ID>4B.05 Sonnen- und Lichtschutz</ID>
									<Name/>
									<Description/>
									<Children/>
								</Item>
							</Children>
						</Item>
						<Item>
							<ID>4C Fassadenhülle</ID>
							<Name/>
							<Description/>
							<Children>
								<Item>
									<ID>4C.01 Fassadenverkleidungen</ID>
									<Name/>
									<Description/>
									<Children/>
								</Item>
								<Item>
									<ID>4C.02 Fassadenöffnungen</ID>
									<Name/>
									<Description/>
									<Children/>
								</Item>
								<Item>
									<ID>4C.03 Sonnen- und Lichtschutz</ID>
									<Name/>
									<Description/>
									<Children/>
								</Item>
								<Item>
									<ID>4C.04 Feste Einbauteile an der Fassade</ID>
									<Name/>
									<Description/>
									<Children/>
								</Item>
								<Item>
									<ID>4C.05 Außenhülle erdberührt</ID>
									<Name/>
									<Description/>
									<Children/>
								</Item>
							</Children>
						</Item>
						<Item>
							<ID>4D Innenausbau</ID>
							<Name/>
							<Description/>
							<Children>
								<Item>
									<ID>4D.01 Bodenbeläge</ID>
									<Name/>
									<Description/>
									<Children/>
								</Item>
								<Item>
									<ID>4D.02 Wandverkleidungen</ID>
									<Name/>
									<Description/>
									<Children/>
								</Item>
								<Item>
									<ID>4D.03 Deckenverkleidungen</ID>
									<Name/>
									<Description/>
									<Children/>
								</Item>
								<Item>
									<ID>4D.04 Innenwandöffnungen</ID>
									<Name/>
									<Description/>
									<Children/>
								</Item>
								<Item>
									<ID>4D.05 Nichttragende Innenwände</ID>
									<Name/>
									<Description/>
									<Children/>
								</Item>
								<Item>
									<ID>4D.06 Feste Einbauteile</ID>
									<Name/>
									<Description/>
									<Children/>
								</Item>
								<Item>
									<ID>4D.07 Spezielle Innenausbauteile</ID>
									<Name/>
									<Description/>
									<Children/>
								</Item>
								<Item>
									<ID>4D.08 Elementierte Innenwandkonstruktionen</ID>
									<Name/>
									<Description/>
									<Children/>
								</Item>
								<Item>
									<ID>4D.09 Deckenöffnungen</ID>
									<Name/>
									<Description/>
									<Children/>
								</Item>
							</Children>
						</Item>
					</Children>
				</Item>
				<Item>
					<ID>5 Einrichtung</ID>
					<Name/>
					<Description/>
					<Children>
						<Item>
							<ID>5A Allgemein</ID>
							<Name/>
							<Description/>
							<Children>
								<Item>
									<ID>5A.01 Baustelleneinrichtung</ID>
									<Name/>
									<Description/>
									<Children/>
								</Item>
								<Item>
									<ID>5A.02 Allgemeine Sicherungsmaßnahmen</ID>
									<Name/>
									<Description/>
									<Children/>
								</Item>
								<Item>
									<ID>5A.03 Sonstiges zu Einrichtung</ID>
									<Name/>
									<Description/>
									<Children/>
								</Item>
							</Children>
						</Item>
						<Item>
							<ID>5B Betriebseinrichtungen</ID>
							<Name/>
							<Description/>
							<Children>
								<Item>
									<ID>5B.01 Küchentechnische Anlagen</ID>
									<Name/>
									<Description/>
									<Children/>
								</Item>
								<Item>
									<ID>5B.02 Wäscherei-/Reinigungsanlagen</ID>
									<Name/>
									<Description/>
									<Children/>
								</Item>
								<Item>
									<ID>5B.03 Medienversorgungsanlagen</ID>
									<Name/>
									<Description/>
									<Children/>
								</Item>
								<Item>
									<ID>5B.04 Medizintechnische Anlagen</ID>
									<Name/>
									<Description/>
									<Children/>
								</Item>
								<Item>
									<ID>5B.05 Labortechnische Anlagen</ID>
									<Name/>
									<Description/>
									<Children/>
								</Item>
								<Item>
									<ID>5B.06 Bädertechnische Anlagen</ID>
									<Name/>
									<Description/>
									<Children/>
								</Item>
								<Item>
									<ID>5B.07 Kälteanlagen</ID>
									<Name/>
									<Description/>
									<Children/>
								</Item>
								<Item>
									<ID>5B.08 Entsorgungsanlagen</ID>
									<Name/>
									<Description/>
									<Children/>
								</Item>
								<Item>
									<ID>5B.09 Automationssysteme</ID>
									<Name/>
									<Description/>
									<Children/>
								</Item>
								<Item>
									<ID>5B.10 Zentrale Einrichtungen</ID>
									<Name/>
									<Description/>
									<Children/>
								</Item>
								<Item>
									<ID>5B.11 Sonstige betriebliche Einrichtungen</ID>
									<Name/>
									<Description/>
									<Children/>
								</Item>
							</Children>
						</Item>
						<Item>
							<ID>5C Mobile Ausstattungen, Leitsysteme, Kunstwerke</ID>
							<Name/>
							<Description/>
							<Children>
								<Item>
									<ID>5C.01 Möbel</ID>
									<Name/>
									<Description/>
									<Children/>
								</Item>
								<Item>
									<ID>5C.02 Ausstattungen und Geräte</ID>
									<Name/>
									<Description/>
									<Children/>
								</Item>
								<Item>
									<ID>5C.03 Textilien</ID>
									<Name/>
									<Description/>
									<Children/>
								</Item>
								<Item>
									<ID>5C.04 Kleininventar</ID>
									<Name/>
									<Description/>
									<Children/>
								</Item>
								<Item>
									<ID>5C.05 Leitsysteme</ID>
									<Name/>
									<Description/>
									<Children/>
								</Item>
								<Item>
									<ID>5C.06 Kunstobjekte, Kunst am Bau</ID>
									<Name/>
									<Description/>
									<Children/>
								</Item>
							</Children>
						</Item>
					</Children>
				</Item>
				<Item>
					<ID>6 Außenanlagen</ID>
					<Name/>
					<Description/>
					<Children>
						<Item>
							<ID>6A Allgemein</ID>
							<Name/>
							<Description/>
							<Children>
								<Item>
									<ID>6A.01 Baustelleneinrichtung</ID>
									<Name/>
									<Description/>
									<Children/>
								</Item>
								<Item>
									<ID>6A.02 Allgemeine Sicherungsmaßnahmen</ID>
									<Name/>
									<Description/>
									<Children/>
								</Item>
								<Item>
									<ID>6A.03 Sonstiges zu Außenanlagen</ID>
									<Name/>
									<Description/>
									<Children/>
								</Item>
							</Children>
						</Item>
						<Item>
							<ID>6B Geländeflächen</ID>
							<Name/>
							<Description/>
							<Children>
								<Item>
									<ID>6B.01 Geländegestaltung</ID>
									<Name/>
									<Description/>
									<Children/>
								</Item>
								<Item>
									<ID>6B.02 Oberbodenbearbeitung</ID>
									<Name/>
									<Description/>
									<Children/>
								</Item>
								<Item>
									<ID>6B.03 Sicherungsbauweisen</ID>
									<Name/>
									<Description/>
									<Children/>
								</Item>
								<Item>
									<ID>6B.04 Pflanzen</ID>
									<Name/>
									<Description/>
									<Children/>
								</Item>
								<Item>
									<ID>6B.05 Begrünung Gelände</ID>
									<Name/>
									<Description/>
									<Children/>
								</Item>
								<Item>
									<ID>6B.06 Begrünung Bauteile</ID>
									<Name/>
									<Description/>
									<Children/>
								</Item>
								<Item>
									<ID>6B.07 Wasserflächen</ID>
									<Name/>
									<Description/>
									<Children/>
								</Item>
							</Children>
						</Item>
						<Item>
							<ID>6C Befestigte Flächen</ID>
							<Name/>
							<Description/>
							<Children>
								<Item>
									<ID>6C.01 Gehwege</ID>
									<Name/>
									<Description/>
									<Children/>
								</Item>
								<Item>
									<ID>6C.02 Fahrwege</ID>
									<Name/>
									<Description/>
									<Children/>
								</Item>
								<Item>
									<ID>6C.03 Plätze, Stellplätze, Höfe</ID>
									<Name/>
									<Description/>
									<Children/>
								</Item>
								<Item>
									<ID>6C.04 Sport-/Spielplatzflächen</ID>
									<Name/>
									<Description/>
									<Children/>
								</Item>
							</Children>
						</Item>
						<Item>
							<ID>6D Bauteile Außenanlagen</ID>
							<Name/>
							<Description/>
							<Children>
								<Item>
									<ID>6D.01 Einfriedungen</ID>
									<Name/>
									<Description/>
									<Children/>
								</Item>
								<Item>
									<ID>6D.02 Ausstattungen</ID>
									<Name/>
									<Description/>
									<Children/>
								</Item>
							</Children>
						</Item>
					</Children>
				</Item>
				<Item>
					<ID>7 Planungsleistungen</ID>
					<Name/>
					<Description/>
					<Children>
						<Item>
							<ID>7A Allgemein</ID>
							<Name/>
							<Description/>
							<Children>
								<Item>
									<ID>7A.01 Sonstiges zu Planungsleistungen</ID>
									<Name/>
									<Description/>
									<Children/>
								</Item>
							</Children>
						</Item>
						<Item>
							<ID>7B Leistungen in der Sphäre Bauherr/Auftraggeber</ID>
							<Name/>
							<Description/>
							<Children>
								<Item>
									<ID>7B.01 Beratungs- und Managementleistungen Bauherr / Auftraggeber</ID>
									<Name/>
									<Description/>
									<Children/>
								</Item>
								<Item>
									<ID>7B.02 Sonstige Beratungs- und Managementleistungen Bauherr / Auftraggeber</ID>
									<Name/>
									<Description/>
									<Children/>
								</Item>
							</Children>
						</Item>
						<Item>
							<ID>7C Planungs-, Beratungs- und Managementleistungen</ID>
							<Name/>
							<Description/>
							<Children>
								<Item>
									<ID>7C.01 Baumanagement</ID>
									<Name/>
									<Description/>
									<Children/>
								</Item>
								<Item>
									<ID>7C.02 Planungsleistungen</ID>
									<Name/>
									<Description/>
									<Children/>
								</Item>
								<Item>
									<ID>7C.03 Sonstige Planungsleistungen</ID>
									<Name/>
									<Description/>
									<Children/>
								</Item>
							</Children>
						</Item>
					</Children>
				</Item>
				<Item>
					<ID>8 Projektnebenleistungen</ID>
					<Name/>
					<Description/>
					<Children>
						<Item>
							<ID>8A Allgemein</ID>
							<Name/>
							<Description/>
							<Children>
								<Item>
									<ID>8A.01 Sonstiges zu Projektnebenleistungen</ID>
									<Name/>
									<Description/>
									<Children/>
								</Item>
							</Children>
						</Item>
						<Item>
							<ID>8B Baunebenleistungen</ID>
							<Name/>
							<Description/>
							<Children>
								<Item>
									<ID>8B.01 Bewilligungen, Abnahmen</ID>
									<Name/>
									<Description/>
									<Children/>
								</Item>
								<Item>
									<ID>8B.02 Anschlussgebühren</ID>
									<Name/>
									<Description/>
									<Children/>
								</Item>
								<Item>
									<ID>8B.03 Versicherung, Bewirtschaftung</ID>
									<Name/>
									<Description/>
									<Children/>
								</Item>
								<Item>
									<ID>8B.04 Bodenproben, Untersuchungen</ID>
									<Name/>
									<Description/>
									<Children/>
								</Item>
								<Item>
									<ID>8B.05 Finanzierung während der Bauzeit</ID>
									<Name/>
									<Description/>
									<Children/>
								</Item>
								<Item>
									<ID>8B.06 Sonstige Baunebenleistungen</ID>
									<Name/>
									<Description/>
									<Children/>
								</Item>
							</Children>
						</Item>
						<Item>
							<ID>8C Planungsnebenleistungen</ID>
							<Name/>
							<Description/>
							<Children>
								<Item>
									<ID>8C.01 Vervielfältigungen</ID>
									<Name/>
									<Description/>
									<Children/>
								</Item>
								<Item>
									<ID>8C.02 Bemusterungen</ID>
									<Name/>
									<Description/>
									<Children/>
								</Item>
								<Item>
									<ID>8C.03 Sonstige Planungsnebenleistungen</ID>
									<Name/>
									<Description/>
									<Children/>
								</Item>
							</Children>
						</Item>
					</Children>
				</Item>
				<Item>
					<ID>9 Reserven</ID>
					<Name/>
					<Description/>
					<Children>
						<Item>
							<ID>9A Allgemein</ID>
							<Name/>
							<Description/>
							<Children>
								<Item>
									<ID>9A.01 Sonstiges zu Reserven</ID>
									<Name/>
									<Description/>
									<Children/>
								</Item>
							</Children>
						</Item>
						<Item>
							<ID>9B Reservemittel; Budget</ID>
							<Name/>
							<Description/>
							<Children>
								<Item>
									<ID>9B.01 Reserven Unvorhergesehenes</ID>
									<Name/>
									<Description/>
									<Children/>
								</Item>
								<Item>
									<ID>9B.02 Reserven Preisanpassungen</ID>
									<Name/>
									<Description/>
									<Children/>
								</Item>
								<Item>
									<ID>9B.03 Reserven Bauherrenentscheid</ID>
									<Name/>
									<Description/>
									<Children/>
								</Item>
							</Children>
						</Item>
						<Item>
							<ID>9C Reservemittel; Steuerung</ID>
							<Name/>
							<Description/>
							<Children>
								<Item>
									<ID>9C.01 Reserven Marktschwankungen</ID>
									<Name/>
									<Description/>
									<Children/>
								</Item>
								<Item>
									<ID>9C.02 Reserven Qualitäts-/Quantitätsaanpassungen</ID>
									<Name/>
									<Description/>
									<Children/>
								</Item>
							</Children>
						</Item>
						<Item>
							<ID>9D Reservemittel; Risiken</ID>
							<Name/>
							<Description/>
							<Children>
								<Item>
									<ID>9D.01 Reserven, rechtliche Risiken</ID>
									<Name/>
									<Description/>
									<Children/>
								</Item>
								<Item>
									<ID>9D.02 Reserven, technische Risiken</ID>
									<Name/>
									<Description/>
									<Children/>
								</Item>
								<Item>
									<ID>9D.03 Reserven, wirtschafliche Risiken</ID>
									<Name/>
									<Description/>
									<Children/>
								</Item>
								<Item>
									<ID>9D.04 Reserven, Umfeldrisiken</ID>
									<Name/>
									<Description/>
									<Children/>
								</Item>
							</Children>
						</Item>
					</Children>
				</Item>
			</Items>
		</System>
	</Classification>
</BuildingInformation>
