<?xml version="1.0" encoding="UTF-8" standalone="no" ?>
<BuildingInformation>
	<Classification>
		<System>
			<Name>Classification DIN 267:2018-12</Name>
			<EditionVersion>1.0</EditionVersion>
			<EditionDate>
				<Year>2022</Year>
				<Month>8</Month>
				<Day>31</Day>
			</EditionDate>
			<Description>Wählen Sie unten eine Kostengruppe nach DIN 276:2018-12. Diese Kostengruppe wird dem ausgewählten Element als ifc-Klassifizierung hinzugefügt.</Description>
			<Source>Madaster Germany GmbH</Source>
			<Items>
				<Item>
					<ID>100</ID>
					<Name>Grundstück</Name>
					<Description/>
					<Children>
						<Item>
							<ID>110</ID>
							<Name>Grundstückswert</Name>
							<Description/>
							<Children/>
						</Item>
						<Item>
							<ID>120</ID>
							<Name>Grundstücksnebenkosten</Name>
							<Description/>
							<Children>
								<Item>
									<ID>121</ID>
									<Name>Vermessungsgebühren</Name>
									<Description/>
									<Children/>
								</Item>
								<Item>
									<ID>122</ID>
									<Name>Gerichtsgebühren</Name>
									<Description/>
									<Children/>
								</Item>
								<Item>
									<ID>123</ID>
									<Name>Notargebühren</Name>
									<Description/>
									<Children/>
								</Item>
								<Item>
									<ID>124</ID>
									<Name>Grunderwerbsteuer</Name>
									<Description/>
									<Children/>
								</Item>
								<Item>
									<ID>125</ID>
									<Name>Untersuchungen</Name>
									<Description/>
									<Children/>
								</Item>
								<Item>
									<ID>126</ID>
									<Name>Wertermittlungen</Name>
									<Description/>
									<Children/>
								</Item>
								<Item>
									<ID>127</ID>
									<Name>Genehmigungsgebühren</Name>
									<Description/>
									<Children/>
								</Item>
								<Item>
									<ID>128</ID>
									<Name>Bodenordnung</Name>
									<Description/>
									<Children/>
								</Item>
								<Item>
									<ID>Sonstiges zur KG 120</ID>
									<Name/>
									<Description/>
									<Children/>
								</Item>
							</Children>
						</Item>
						<Item>
							<ID>130</ID>
							<Name>Rechte Dritter</Name>
							<Description/>
							<Children>
								<Item>
									<ID>131</ID>
									<Name>Abfindungen</Name>
									<Description/>
									<Children/>
								</Item>
								<Item>
									<ID>132</ID>
									<Name>Ablösen dinglicher Rechte</Name>
									<Description/>
									<Children/>
								</Item>
								<Item>
									<ID>139</ID>
									<Name>Sonstiges zur KG 130</Name>
									<Description/>
									<Children/>
								</Item>
							</Children>
						</Item>
					</Children>
				</Item>
				<Item>
					<ID>200</ID>
					<Name>Vorbereitende Maßnahmen</Name>
					<Description/>
					<Children>
						<Item>
							<ID>210</ID>
							<Name>Herrichten</Name>
							<Description/>
							<Children>
								<Item>
									<ID>211</ID>
									<Name>Sicherungsmaßnahmen</Name>
									<Description/>
									<Children/>
								</Item>
								<Item>
									<ID>212</ID>
									<Name>Abbruchmaßnahmen</Name>
									<Description/>
									<Children/>
								</Item>
								<Item>
									<ID>213</ID>
									<Name>Altlastenbeseitigung</Name>
									<Description/>
									<Children/>
								</Item>
								<Item>
									<ID>214</ID>
									<Name>Herrichten der Geländeoberfläche</Name>
									<Description/>
									<Children/>
								</Item>
								<Item>
									<ID>215</ID>
									<Name>Kampfmittelräumung</Name>
									<Description/>
									<Children/>
								</Item>
								<Item>
									<ID>216</ID>
									<Name>Kulturhistorische Funde</Name>
									<Description/>
									<Children/>
								</Item>
								<Item>
									<ID>219</ID>
									<Name>Sonstiges zur KG 210</Name>
									<Description/>
									<Children/>
								</Item>
							</Children>
						</Item>
						<Item>
							<ID>220</ID>
							<Name>Öffentliche Erschließung</Name>
							<Description/>
							<Children>
								<Item>
									<ID>221</ID>
									<Name>Abwasserentsorgung</Name>
									<Description/>
									<Children/>
								</Item>
								<Item>
									<ID>222</ID>
									<Name>Wasserversorgung</Name>
									<Description/>
									<Children/>
								</Item>
								<Item>
									<ID>223</ID>
									<Name>Gasversorgung</Name>
									<Description/>
									<Children/>
								</Item>
								<Item>
									<ID>224</ID>
									<Name>Fernwärmeversorgung</Name>
									<Description/>
									<Children/>
								</Item>
								<Item>
									<ID>225</ID>
									<Name>Stromversorgung</Name>
									<Description/>
									<Children/>
								</Item>
								<Item>
									<ID>226</ID>
									<Name>Telekommunikation</Name>
									<Description/>
									<Children/>
								</Item>
								<Item>
									<ID>227</ID>
									<Name>Verkehrserschließung</Name>
									<Description/>
									<Children/>
								</Item>
								<Item>
									<ID>228</ID>
									<Name>Abfallentsorgung</Name>
									<Description/>
									<Children/>
								</Item>
								<Item>
									<ID>229</ID>
									<Name>Sonstiges zur KG 220</Name>
									<Description/>
									<Children/>
								</Item>
							</Children>
						</Item>
						<Item>
							<ID>230</ID>
							<Name>Nichtöffentliche Erschließung</Name>
							<Description/>
							<Children/>
						</Item>
						<Item>
							<ID>240</ID>
							<Name>Ausgleichsmaßnahmen und -abgaben</Name>
							<Description/>
							<Children>
								<Item>
									<ID>241</ID>
									<Name>Ausgleichsmaßnahmen</Name>
									<Description/>
									<Children/>
								</Item>
								<Item>
									<ID>242</ID>
									<Name>Ausgleichsabgaben</Name>
									<Description/>
									<Children/>
								</Item>
								<Item>
									<ID>249</ID>
									<Name>Sonstiges zur KG 240</Name>
									<Description/>
									<Children/>
								</Item>
							</Children>
						</Item>
						<Item>
							<ID>250</ID>
							<Name>Übergangsmaßnahmen</Name>
							<Description/>
							<Children>
								<Item>
									<ID>251</ID>
									<Name>Bauliche Maßnahmen</Name>
									<Description/>
									<Children/>
								</Item>
								<Item>
									<ID>252</ID>
									<Name>Organisatorische Maßnahmen</Name>
									<Description/>
									<Children/>
								</Item>
								<Item>
									<ID>259</ID>
									<Name>Sonstiges zur KG 250</Name>
									<Description/>
									<Children/>
								</Item>
							</Children>
						</Item>
					</Children>
				</Item>
				<Item>
					<ID>300</ID>
					<Name>Bauwerk - Baukonstruktion</Name>
					<Description/>
					<Children>
						<Item>
							<ID>310</ID>
							<Name>Baugrube/Erdbau</Name>
							<Description/>
							<Children>
								<Item>
									<ID>311</ID>
									<Name>Baugrundverbesserung</Name>
									<Description/>
									<Children/>
								</Item>
								<Item>
									<ID>312</ID>
									<Name>Umschließung</Name>
									<Description/>
									<Children/>
								</Item>
								<Item>
									<ID>313</ID>
									<Name>Wasserhaltung</Name>
									<Description/>
									<Children/>
								</Item>
								<Item>
									<ID>314</ID>
									<Name>Vortrieb</Name>
									<Description/>
									<Children/>
								</Item>
								<Item>
									<ID>319</ID>
									<Name>Sonstiges zur KG 310</Name>
									<Description/>
									<Children/>
								</Item>
							</Children>
						</Item>
						<Item>
							<ID>320</ID>
							<Name>Gründung, Unterbau</Name>
							<Description/>
							<Children>
								<Item>
									<ID>321</ID>
									<Name>Baugrundverbesserung</Name>
									<Description/>
									<Children/>
								</Item>
								<Item>
									<ID>322</ID>
									<Name>Flachgründungen und Bodenplatten</Name>
									<Description/>
									<Children/>
								</Item>
								<Item>
									<ID>323</ID>
									<Name>Tiefgründungen</Name>
									<Description/>
									<Children/>
								</Item>
								<Item>
									<ID>324</ID>
									<Name>Gründungsbeläge</Name>
									<Description/>
									<Children/>
								</Item>
								<Item>
									<ID>325</ID>
									<Name>Abdichtungen und Bekleidungen</Name>
									<Description/>
									<Children/>
								</Item>
								<Item>
									<ID>326</ID>
									<Name>Dränagen</Name>
									<Description/>
									<Children/>
								</Item>
								<Item>
									<ID>329</ID>
									<Name>Sonstiges zur KG 320</Name>
									<Description/>
									<Children/>
								</Item>
							</Children>
						</Item>
						<Item>
							<ID>330</ID>
							<Name>Außenwände/Vertikale Baukonstruktion, außen</Name>
							<Description/>
							<Children>
								<Item>
									<ID>331</ID>
									<Name>Tragende Außenwände</Name>
									<Description/>
									<Children/>
								</Item>
								<Item>
									<ID>332</ID>
									<Name>Nichttragende Außenwände</Name>
									<Description/>
									<Children/>
								</Item>
								<Item>
									<ID>333</ID>
									<Name>Außenstützen</Name>
									<Description/>
									<Children/>
								</Item>
								<Item>
									<ID>334</ID>
									<Name>Außenwandöffnungen</Name>
									<Description/>
									<Children/>
								</Item>
								<Item>
									<ID>335</ID>
									<Name>Außenwandbekleidungen, außen</Name>
									<Description/>
									<Children/>
								</Item>
								<Item>
									<ID>336</ID>
									<Name>Außenwandbekleidungen, innen</Name>
									<Description/>
									<Children/>
								</Item>
								<Item>
									<ID>337</ID>
									<Name>Elementierte Außenwandkonstruktionen</Name>
									<Description/>
									<Children/>
								</Item>
								<Item>
									<ID>338</ID>
									<Name>Lichtschutz zur KG 330</Name>
									<Description/>
									<Children/>
								</Item>
								<Item>
									<ID>339</ID>
									<Name>Sonstiges zur KG 330</Name>
									<Description/>
									<Children/>
								</Item>
							</Children>
						</Item>
						<Item>
							<ID>340</ID>
							<Name>Innenwände/Vertikale Baukonstruktionen, innen</Name>
							<Description/>
							<Children>
								<Item>
									<ID>341</ID>
									<Name>Tragendende Innenwände</Name>
									<Description/>
									<Children/>
								</Item>
								<Item>
									<ID>342</ID>
									<Name>Nichttragenden Innenwände</Name>
									<Description/>
									<Children/>
								</Item>
								<Item>
									<ID>343</ID>
									<Name>Innenstützen</Name>
									<Description/>
									<Children/>
								</Item>
								<Item>
									<ID>344</ID>
									<Name>Innenwandöffnungen</Name>
									<Description/>
									<Children/>
								</Item>
								<Item>
									<ID>345</ID>
									<Name>Innenwandbekleidungen</Name>
									<Description/>
									<Children/>
								</Item>
								<Item>
									<ID>346</ID>
									<Name>Elementierte Innenwandkonstruktionen</Name>
									<Description/>
									<Children/>
								</Item>
								<Item>
									<ID>347</ID>
									<Name>Lichtschutz zur KG 340</Name>
									<Description/>
									<Children/>
								</Item>
								<Item>
									<ID>349</ID>
									<Name>Sonstiges zur KG 340</Name>
									<Description/>
									<Children/>
								</Item>
							</Children>
						</Item>
						<Item>
							<ID>350</ID>
							<Name>Decken/Horizontale Baukonstruktionen</Name>
							<Description/>
							<Children>
								<Item>
									<ID>351</ID>
									<Name>Deckenkonstruktionen</Name>
									<Description/>
									<Children/>
								</Item>
								<Item>
									<ID>352</ID>
									<Name>Deckenöffnungen</Name>
									<Description/>
									<Children/>
								</Item>
								<Item>
									<ID>353</ID>
									<Name>Deckenbeläge</Name>
									<Description/>
									<Children/>
								</Item>
								<Item>
									<ID>354</ID>
									<Name>Deckenbekleidungen</Name>
									<Description/>
									<Children/>
								</Item>
								<Item>
									<ID>355</ID>
									<Name>Elementierte Deckenkonstruktionen</Name>
									<Description/>
									<Children/>
								</Item>
								<Item>
									<ID>359</ID>
									<Name>Sonstiges zur KG 350</Name>
									<Description/>
									<Children/>
								</Item>
							</Children>
						</Item>
						<Item>
							<ID>360</ID>
							<Name>Dächer</Name>
							<Description/>
							<Children>
								<Item>
									<ID>361</ID>
									<Name>Dachkonstruktion</Name>
									<Description/>
									<Children/>
								</Item>
								<Item>
									<ID>362</ID>
									<Name>Dachöffnungen</Name>
									<Description/>
									<Children/>
								</Item>
								<Item>
									<ID>363</ID>
									<Name>Dachbeläge</Name>
									<Description/>
									<Children/>
								</Item>
								<Item>
									<ID>364</ID>
									<Name>Dachbekleidungen</Name>
									<Description/>
									<Children/>
								</Item>
								<Item>
									<ID>365</ID>
									<Name>Elementierte Dachkonstruktionen</Name>
									<Description/>
									<Children/>
								</Item>
								<Item>
									<ID>366</ID>
									<Name>Lichtschutz zur KG 360</Name>
									<Description/>
									<Children/>
								</Item>
								<Item>
									<ID>369</ID>
									<Name>Sonstiges zur KG 360</Name>
									<Description/>
									<Children/>
								</Item>
							</Children>
						</Item>
						<Item>
							<ID>370</ID>
							<Name>Infrastrukturanlagen</Name>
							<Description/>
							<Children>
								<Item>
									<ID>371</ID>
									<Name>Anlagen für den Straßenverkehr</Name>
									<Description/>
									<Children/>
								</Item>
								<Item>
									<ID>372</ID>
									<Name>Anlagen für den Schienenverkehr</Name>
									<Description/>
									<Children/>
								</Item>
								<Item>
									<ID>373</ID>
									<Name>Anlagen für den Flugverkehr</Name>
									<Description/>
									<Children/>
								</Item>
								<Item>
									<ID>374</ID>
									<Name>Anlagen des Wasserbaus</Name>
									<Description/>
									<Children/>
								</Item>
								<Item>
									<ID>375</ID>
									<Name>Anlagen der Abwasserentsorgung</Name>
									<Description/>
									<Children/>
								</Item>
								<Item>
									<ID>376</ID>
									<Name>Anlagen der Wasserversorgung</Name>
									<Description/>
									<Children/>
								</Item>
								<Item>
									<ID>377</ID>
									<Name>Anlagen der Energie- und Informationsversorgung</Name>
									<Description/>
									<Children/>
								</Item>
								<Item>
									<ID>378</ID>
									<Name>Anlagen der Abfallentsorgung</Name>
									<Description/>
									<Children/>
								</Item>
								<Item>
									<ID>379</ID>
									<Name>Sonstiges zur KG 370</Name>
									<Description/>
									<Children/>
								</Item>
							</Children>
						</Item>
						<Item>
							<ID>380</ID>
							<Name>Baukonstruktive Einbauten</Name>
							<Description/>
							<Children>
								<Item>
									<ID>381</ID>
									<Name>Allgemeine Einbauten</Name>
									<Description/>
									<Children/>
								</Item>
								<Item>
									<ID>382</ID>
									<Name>Besondere Einbauten</Name>
									<Description/>
									<Children/>
								</Item>
								<Item>
									<ID>383</ID>
									<Name>Landschaftsgestalterische Einbauten</Name>
									<Description/>
									<Children/>
								</Item>
								<Item>
									<ID>384</ID>
									<Name>Mechanische Einbauten</Name>
									<Description/>
									<Children/>
								</Item>
								<Item>
									<ID>385</ID>
									<Name>Einbauten in Konstruktionen des Ingenieurbaus</Name>
									<Description/>
									<Children/>
								</Item>
								<Item>
									<ID>386</ID>
									<Name>Orientierungs- und Informationssysteme</Name>
									<Description/>
									<Children/>
								</Item>
								<Item>
									<ID>387</ID>
									<Name>Schutzeinbauten</Name>
									<Description/>
									<Children/>
								</Item>
								<Item>
									<ID>389</ID>
									<Name>Sonstiges zur KG 380</Name>
									<Description/>
									<Children/>
								</Item>
							</Children>
						</Item>
						<Item>
							<ID>390</ID>
							<Name>Sonstiges Maßnahmen für Baukonstruktionen</Name>
							<Description/>
							<Children>
								<Item>
									<ID>391</ID>
									<Name>Baustelleneinrichtung</Name>
									<Description/>
									<Children/>
								</Item>
								<Item>
									<ID>392</ID>
									<Name>Gerüste</Name>
									<Description/>
									<Children/>
								</Item>
								<Item>
									<ID>393</ID>
									<Name>Sicherungsmaßnahmen</Name>
									<Description/>
									<Children/>
								</Item>
								<Item>
									<ID>394</ID>
									<Name>Abbruchmaßnahmen</Name>
									<Description/>
									<Children/>
								</Item>
								<Item>
									<ID>395</ID>
									<Name>Instandsetzungen</Name>
									<Description/>
									<Children/>
								</Item>
								<Item>
									<ID>396</ID>
									<Name>Materialentsorgung</Name>
									<Description/>
									<Children/>
								</Item>
								<Item>
									<ID>397</ID>
									<Name>Zusätzliche Maßnahmen</Name>
									<Description/>
									<Children/>
								</Item>
								<Item>
									<ID>398</ID>
									<Name>Provisorische Baukonstruktionen</Name>
									<Description/>
									<Children/>
								</Item>
								<Item>
									<ID>399</ID>
									<Name>Sonstiges zur KG 410</Name>
									<Description/>
									<Children/>
								</Item>
							</Children>
						</Item>
					</Children>
				</Item>
				<Item>
					<ID>400</ID>
					<Name>Bauwerk-Technische Anlagen</Name>
					<Description/>
					<Children>
						<Item>
							<ID>410</ID>
							<Name>Abwasser-, Wasser-, Gasanlagen</Name>
							<Description/>
							<Children>
								<Item>
									<ID>411</ID>
									<Name>Abwasseranlagen</Name>
									<Description/>
									<Children/>
								</Item>
								<Item>
									<ID>412</ID>
									<Name>Wasseranlagen</Name>
									<Description/>
									<Children/>
								</Item>
								<Item>
									<ID>413</ID>
									<Name>Gasanlagen</Name>
									<Description/>
									<Children/>
								</Item>
								<Item>
									<ID>419</ID>
									<Name>Sonstiges zur KG 410</Name>
									<Description/>
									<Children/>
								</Item>
							</Children>
						</Item>
						<Item>
							<ID>420</ID>
							<Name>Wärmeversorgungs- anlagen</Name>
							<Description/>
							<Children>
								<Item>
									<ID>421</ID>
									<Name>Wärmeerzeugungsanlagen</Name>
									<Description/>
									<Children/>
								</Item>
								<Item>
									<ID>422</ID>
									<Name>Wärmeverteilnetze</Name>
									<Description/>
									<Children/>
								</Item>
								<Item>
									<ID>423</ID>
									<Name>Raumheizflächen</Name>
									<Description/>
									<Children/>
								</Item>
								<Item>
									<ID>424</ID>
									<Name>Verkehrsheizflächen</Name>
									<Description/>
									<Children/>
								</Item>
								<Item>
									<ID>429</ID>
									<Name>Sonstiges zur KG 420</Name>
									<Description/>
									<Children/>
								</Item>
							</Children>
						</Item>
						<Item>
							<ID>430</ID>
							<Name>Raumlufttechnische Anlagen</Name>
							<Description/>
							<Children>
								<Item>
									<ID>431</ID>
									<Name>Lüftungsanlagen</Name>
									<Description/>
									<Children/>
								</Item>
								<Item>
									<ID>432</ID>
									<Name>Teilklimaanlagen</Name>
									<Description/>
									<Children/>
								</Item>
								<Item>
									<ID>433</ID>
									<Name>Klimaanlagen</Name>
									<Description/>
									<Children/>
								</Item>
								<Item>
									<ID>434</ID>
									<Name>Kälteanlagen</Name>
									<Description/>
									<Children/>
								</Item>
								<Item>
									<ID>439</ID>
									<Name>Sonstiges zur KG 430</Name>
									<Description/>
									<Children/>
								</Item>
							</Children>
						</Item>
						<Item>
							<ID>440</ID>
							<Name>Elektrische Anlagen</Name>
							<Description/>
							<Children>
								<Item>
									<ID>441</ID>
									<Name>Hoch- und Mittelspannungsanlagen</Name>
									<Description/>
									<Children/>
								</Item>
								<Item>
									<ID>442</ID>
									<Name>Eigenstromversorgungs-anlagen</Name>
									<Description/>
									<Children/>
								</Item>
								<Item>
									<ID>443</ID>
									<Name>Niederspannungs-schaltanlagen</Name>
									<Description/>
									<Children/>
								</Item>
								<Item>
									<ID>444</ID>
									<Name>Niederspannungs-installationsanlagen</Name>
									<Description/>
									<Children/>
								</Item>
								<Item>
									<ID>445</ID>
									<Name>Beleuchtungsanlagen</Name>
									<Description/>
									<Children/>
								</Item>
								<Item>
									<ID>446</ID>
									<Name>Blitzschutz- und Erdungsanlagen</Name>
									<Description/>
									<Children/>
								</Item>
								<Item>
									<ID>447</ID>
									<Name>Fahrleitungssysteme</Name>
									<Description/>
									<Children/>
								</Item>
								<Item>
									<ID>449</ID>
									<Name>Sonstiges zur KG 440</Name>
									<Description/>
									<Children/>
								</Item>
							</Children>
						</Item>
						<Item>
							<ID>450</ID>
							<Name>Kommunikations-, sicherheits- und informationstechnische Anlagen</Name>
							<Description/>
							<Children>
								<Item>
									<ID>451</ID>
									<Name>Telekommunikations-anlagen</Name>
									<Description/>
									<Children/>
								</Item>
								<Item>
									<ID>452</ID>
									<Name>Such- und Signalanlagen</Name>
									<Description/>
									<Children/>
								</Item>
								<Item>
									<ID>453</ID>
									<Name>Zeitdienstanlagen</Name>
									<Description/>
									<Children/>
								</Item>
								<Item>
									<ID>454</ID>
									<Name>Elektroakustische Anlagen</Name>
									<Description/>
									<Children/>
								</Item>
								<Item>
									<ID>455</ID>
									<Name>Audiovisuelle Medien- und Antennenanlagen</Name>
									<Description/>
									<Children/>
								</Item>
								<Item>
									<ID>456</ID>
									<Name>Gefahrenmelde- und Alarmanlagen</Name>
									<Description/>
									<Children/>
								</Item>
								<Item>
									<ID>457</ID>
									<Name>Datenübertragungsnetze</Name>
									<Description/>
									<Children/>
								</Item>
								<Item>
									<ID>458</ID>
									<Name>Verkehrsbeeinflussungs-anlagen</Name>
									<Description/>
									<Children/>
								</Item>
								<Item>
									<ID>459</ID>
									<Name>Sonstiges zur KG 450</Name>
									<Description/>
									<Children/>
								</Item>
							</Children>
						</Item>
						<Item>
							<ID>460</ID>
							<Name>Förderanlagen</Name>
							<Description/>
							<Children>
								<Item>
									<ID>461</ID>
									<Name>Aufzugsanlagen</Name>
									<Description/>
									<Children/>
								</Item>
								<Item>
									<ID>462</ID>
									<Name>Fahrtreppen, Fahrsteige</Name>
									<Description/>
									<Children/>
								</Item>
								<Item>
									<ID>463</ID>
									<Name>Befahranlagen</Name>
									<Description/>
									<Children/>
								</Item>
								<Item>
									<ID>464</ID>
									<Name>Transportanlagen</Name>
									<Description/>
									<Children/>
								</Item>
								<Item>
									<ID>465</ID>
									<Name>Krananlagen</Name>
									<Description/>
									<Children/>
								</Item>
								<Item>
									<ID>466</ID>
									<Name>Hydraulikanlagen</Name>
									<Description/>
									<Children/>
								</Item>
								<Item>
									<ID>469</ID>
									<Name>Sonstiges zur KG 460</Name>
									<Description/>
									<Children/>
								</Item>
							</Children>
						</Item>
						<Item>
							<ID>470</ID>
							<Name>Nutzungsspezifische und verfahrenstechnische Anlagen</Name>
							<Description/>
							<Children>
								<Item>
									<ID>471</ID>
									<Name>Küchenteschnische Anlagen</Name>
									<Description/>
									<Children/>
								</Item>
								<Item>
									<ID>472</ID>
									<Name>Wäscherei-, Reinigungs- und badetechnische Anlagen</Name>
									<Description/>
									<Children/>
								</Item>
								<Item>
									<ID>473</ID>
									<Name>Medienversorgungs-anlagen, Medizin- und labortechnische Anlagen</Name>
									<Description/>
									<Children/>
								</Item>
								<Item>
									<ID>474</ID>
									<Name>Feuerlöschanlagen</Name>
									<Description/>
									<Children/>
								</Item>
								<Item>
									<ID>475</ID>
									<Name>Prozesswärme-, kälte- und -luftanlagen</Name>
									<Description/>
									<Children/>
								</Item>
								<Item>
									<ID>476</ID>
									<Name>Weitere nutzungsspezifische Anlagen</Name>
									<Description/>
									<Children/>
								</Item>
								<Item>
									<ID>477</ID>
									<Name>Verfahrenstechnsiche Anlagen, Wasser, Abwasser und Gase</Name>
									<Description/>
									<Children/>
								</Item>
								<Item>
									<ID>478</ID>
									<Name>Verfahrenstechnsiche Anlagen, Feststoffe, Wertstoffe und Abfälle</Name>
									<Description/>
									<Children/>
								</Item>
								<Item>
									<ID>479</ID>
									<Name>Sonstiges zu KG 470</Name>
									<Description/>
									<Children/>
								</Item>
							</Children>
						</Item>
						<Item>
							<ID>480</ID>
							<Name>Gebäude - und Anlagenautomation</Name>
							<Description/>
							<Children>
								<Item>
									<ID>481</ID>
									<Name>Automationseinrichtungen</Name>
									<Description/>
									<Children/>
								</Item>
								<Item>
									<ID>482</ID>
									<Name>Schaltschränke, Automationsschwerpunkte</Name>
									<Description/>
									<Children/>
								</Item>
								<Item>
									<ID>483</ID>
									<Name>Automationsmanagement</Name>
									<Description/>
									<Children/>
								</Item>
								<Item>
									<ID>484</ID>
									<Name>Kabel, Leitungen und Verlegesysteme</Name>
									<Description/>
									<Children/>
								</Item>
								<Item>
									<ID>485</ID>
									<Name>Datenübertragungsnetze</Name>
									<Description/>
									<Children/>
								</Item>
								<Item>
									<ID>489</ID>
									<Name>Sonstiges zu KG 480</Name>
									<Description/>
									<Children/>
								</Item>
							</Children>
						</Item>
						<Item>
							<ID>490</ID>
							<Name>Sonstige Maßnahmen für technische Anlagen</Name>
							<Description/>
							<Children>
								<Item>
									<ID>491</ID>
									<Name>Baustelleneinrichtung</Name>
									<Description/>
									<Children/>
								</Item>
								<Item>
									<ID>492</ID>
									<Name>Gerüste</Name>
									<Description/>
									<Children/>
								</Item>
								<Item>
									<ID>493</ID>
									<Name>Sicherungsmaßnahmen</Name>
									<Description/>
									<Children/>
								</Item>
								<Item>
									<ID>494</ID>
									<Name>Abbruchmaßnahmen</Name>
									<Description/>
									<Children/>
								</Item>
								<Item>
									<ID>495</ID>
									<Name>Instandsetzungen</Name>
									<Description/>
									<Children/>
								</Item>
								<Item>
									<ID>496</ID>
									<Name>Materialentsorgung</Name>
									<Description/>
									<Children/>
								</Item>
								<Item>
									<ID>497</ID>
									<Name>Zusätzliche Maßnahmen</Name>
									<Description/>
									<Children/>
								</Item>
								<Item>
									<ID>498</ID>
									<Name>Provisorische technische Anlagen</Name>
									<Description/>
									<Children/>
								</Item>
								<Item>
									<ID>499</ID>
									<Name>Sonstiges zu KG 490</Name>
									<Description/>
									<Children/>
								</Item>
							</Children>
						</Item>
					</Children>
				</Item>
				<Item>
					<ID>500</ID>
					<Name>Außenanlagen und Freiflächen</Name>
					<Description/>
					<Children>
						<Item>
							<ID>510</ID>
							<Name>Erdbau</Name>
							<Description/>
							<Children>
								<Item>
									<ID>511</ID>
									<Name>Herstellung</Name>
									<Description/>
									<Children/>
								</Item>
								<Item>
									<ID>512</ID>
									<Name>Umschließung</Name>
									<Description/>
									<Children/>
								</Item>
								<Item>
									<ID>513</ID>
									<Name>Wasserhaltung</Name>
									<Description/>
									<Children/>
								</Item>
								<Item>
									<ID>514</ID>
									<Name>Vortrieb</Name>
									<Description/>
									<Children/>
								</Item>
								<Item>
									<ID>519</ID>
									<Name>Sonstiges zur KG 490</Name>
									<Description/>
									<Children/>
								</Item>
							</Children>
						</Item>
						<Item>
							<ID>520</ID>
							<Name>Gründung, Unterbau</Name>
							<Description/>
							<Children>
								<Item>
									<ID>521</ID>
									<Name>Baugrundverbesserung</Name>
									<Description/>
									<Children/>
								</Item>
								<Item>
									<ID>522</ID>
									<Name>Gründung und Bodenplatten</Name>
									<Description/>
									<Children/>
								</Item>
								<Item>
									<ID>523</ID>
									<Name>Gründungsbeläge</Name>
									<Description/>
									<Children/>
								</Item>
								<Item>
									<ID>524</ID>
									<Name>Abdichtungen und Bekleidungen</Name>
									<Description/>
									<Children/>
								</Item>
								<Item>
									<ID>525</ID>
									<Name>Dränagen</Name>
									<Description/>
									<Children/>
								</Item>
								<Item>
									<ID>529</ID>
									<Name>Sonstiges zur KG 520</Name>
									<Description/>
									<Children/>
								</Item>
							</Children>
						</Item>
						<Item>
							<ID>530</ID>
							<Name>Oberbau, Deckschichten</Name>
							<Description/>
							<Children>
								<Item>
									<ID>531</ID>
									<Name>Wege</Name>
									<Description/>
									<Children/>
								</Item>
								<Item>
									<ID>532</ID>
									<Name>Straßen</Name>
									<Description/>
									<Children/>
								</Item>
								<Item>
									<ID>533</ID>
									<Name>Plätze, Höfe, Terrassen</Name>
									<Description/>
									<Children/>
								</Item>
								<Item>
									<ID>534</ID>
									<Name>Stellplätze</Name>
									<Description/>
									<Children/>
								</Item>
								<Item>
									<ID>535</ID>
									<Name>Sportplatzflächen</Name>
									<Description/>
									<Children/>
								</Item>
								<Item>
									<ID>536</ID>
									<Name>Spielplatzflächen</Name>
									<Description/>
									<Children/>
								</Item>
								<Item>
									<ID>537</ID>
									<Name>Gleisanlagen</Name>
									<Description/>
									<Children/>
								</Item>
								<Item>
									<ID>538</ID>
									<Name>Flugplatzflächen</Name>
									<Description/>
									<Children/>
								</Item>
								<Item>
									<ID>539</ID>
									<Name>Sonstiges zur KG 530</Name>
									<Description/>
									<Children/>
								</Item>
							</Children>
						</Item>
						<Item>
							<ID>540</ID>
							<Name>Baukonstruktionen</Name>
							<Description/>
							<Children>
								<Item>
									<ID>541</ID>
									<Name>Einfriedungen</Name>
									<Description/>
									<Children/>
								</Item>
								<Item>
									<ID>542</ID>
									<Name>Schutzkonstruktionen</Name>
									<Description/>
									<Children/>
								</Item>
								<Item>
									<ID>543</ID>
									<Name>Wandkonstruktionen</Name>
									<Description/>
									<Children/>
								</Item>
								<Item>
									<ID>544</ID>
									<Name>Rampen, Treppen, Tribünen</Name>
									<Description/>
									<Children/>
								</Item>
								<Item>
									<ID>545</ID>
									<Name>Überdachungen</Name>
									<Description/>
									<Children/>
								</Item>
								<Item>
									<ID>546</ID>
									<Name>Stege</Name>
									<Description/>
									<Children/>
								</Item>
								<Item>
									<ID>547</ID>
									<Name>Kanal- und Schachtkonstruktionen</Name>
									<Description/>
									<Children/>
								</Item>
								<Item>
									<ID>548</ID>
									<Name>Wasserbecken</Name>
									<Description/>
									<Children/>
								</Item>
								<Item>
									<ID>549</ID>
									<Name>Sonstiges zu KG 540</Name>
									<Description/>
									<Children/>
								</Item>
							</Children>
						</Item>
						<Item>
							<ID>550</ID>
							<Name>Technische Anlagen</Name>
							<Description/>
							<Children>
								<Item>
									<ID>551</ID>
									<Name>Abwasseranlagen</Name>
									<Description/>
									<Children/>
								</Item>
								<Item>
									<ID>552</ID>
									<Name>Wasseranlagen</Name>
									<Description/>
									<Children/>
								</Item>
								<Item>
									<ID>553</ID>
									<Name>Anlagen für Gase und Flüssigkeiten</Name>
									<Description/>
									<Children/>
								</Item>
								<Item>
									<ID>554</ID>
									<Name>Wärmeversorgungsanlagen</Name>
									<Description/>
									<Children/>
								</Item>
								<Item>
									<ID>555</ID>
									<Name>Raumlufttechnische Anlagen</Name>
									<Description/>
									<Children/>
								</Item>
								<Item>
									<ID>556</ID>
									<Name>Elektrische Anlagen</Name>
									<Description/>
									<Children/>
								</Item>
								<Item>
									<ID>557</ID>
									<Name>Kommunikations-, sicherheits- und informationstechnische Anlagen</Name>
									<Description/>
									<Children/>
								</Item>
								<Item>
									<ID>558</ID>
									<Name>Nutzungsspezifische Anlagen</Name>
									<Description/>
									<Children/>
								</Item>
								<Item>
									<ID>559</ID>
									<Name>Sonstiges zur KG 550</Name>
									<Description/>
									<Children/>
								</Item>
							</Children>
						</Item>
						<Item>
							<ID>560</ID>
							<Name>Einbauten in Außenanlagen und Freiflächen</Name>
							<Description/>
							<Children>
								<Item>
									<ID>561</ID>
									<Name>Allgemeine Einbauten</Name>
									<Description/>
									<Children/>
								</Item>
								<Item>
									<ID>562</ID>
									<Name>Besondere Einbauten</Name>
									<Description/>
									<Children/>
								</Item>
								<Item>
									<ID>563</ID>
									<Name>Orientierungs- und Informationssysteme</Name>
									<Description/>
									<Children/>
								</Item>
								<Item>
									<ID>569</ID>
									<Name>Sonstiges zur KG 560</Name>
									<Description/>
									<Children/>
								</Item>
							</Children>
						</Item>
						<Item>
							<ID>570</ID>
							<Name>Vegetationsflächen</Name>
							<Description/>
							<Children>
								<Item>
									<ID>571</ID>
									<Name>Vegetationstechnische Bodenbearbeitung</Name>
									<Description/>
									<Children/>
								</Item>
								<Item>
									<ID>572</ID>
									<Name>Sicherungsbauweisen</Name>
									<Description/>
									<Children/>
								</Item>
								<Item>
									<ID>573</ID>
									<Name>Pflanzflächen</Name>
									<Description/>
									<Children/>
								</Item>
								<Item>
									<ID>574</ID>
									<Name>Rasen- und Saatflächen</Name>
									<Description/>
									<Children/>
								</Item>
								<Item>
									<ID>579</ID>
									<Name>Sonstiges zur KG 570</Name>
									<Description/>
									<Children/>
								</Item>
							</Children>
						</Item>
						<Item>
							<ID>580</ID>
							<Name>Wasserflächen</Name>
							<Description/>
							<Children>
								<Item>
									<ID>581</ID>
									<Name>Befestigungen</Name>
									<Description/>
									<Children/>
								</Item>
								<Item>
									<ID>582</ID>
									<Name>Abdichtungen</Name>
									<Description/>
									<Children/>
								</Item>
								<Item>
									<ID>583</ID>
									<Name>Bepflanzungen</Name>
									<Description/>
									<Children/>
								</Item>
								<Item>
									<ID>589</ID>
									<Name>Sonstiges zur KG 580</Name>
									<Description/>
									<Children/>
								</Item>
							</Children>
						</Item>
						<Item>
							<ID>590</ID>
							<Name>Sonstige Maßnahmen für Außenanlagen und Freiflächen</Name>
							<Description/>
							<Children>
								<Item>
									<ID>591</ID>
									<Name>Baustelleneinrichtung</Name>
									<Description/>
									<Children/>
								</Item>
								<Item>
									<ID>592</ID>
									<Name>Gerüste</Name>
									<Description/>
									<Children/>
								</Item>
								<Item>
									<ID>593</ID>
									<Name>Sicherungsmaßnahmen</Name>
									<Description/>
									<Children/>
								</Item>
								<Item>
									<ID>594</ID>
									<Name>Abbruchmaßnahmen</Name>
									<Description/>
									<Children/>
								</Item>
								<Item>
									<ID>595</ID>
									<Name>Instandsetzungen</Name>
									<Description/>
									<Children/>
								</Item>
								<Item>
									<ID>596</ID>
									<Name>Materialentsorgung</Name>
									<Description/>
									<Children/>
								</Item>
								<Item>
									<ID>597</ID>
									<Name>Zusätzliche Maßnahmen</Name>
									<Description/>
									<Children/>
								</Item>
								<Item>
									<ID>598</ID>
									<Name>Provisorische Außenanlagen und Freiflächen</Name>
									<Description/>
									<Children/>
								</Item>
								<Item>
									<ID>599</ID>
									<Name>Sonstiges zur KG 590</Name>
									<Description/>
									<Children/>
								</Item>
							</Children>
						</Item>
					</Children>
				</Item>
				<Item>
					<ID>600</ID>
					<Name>Ausstattung und Kunstwerke</Name>
					<Description/>
					<Children>
						<Item>
							<ID>610</ID>
							<Name>Allgemeine Ausstattung</Name>
							<Description/>
							<Children/>
						</Item>
						<Item>
							<ID>620</ID>
							<Name>Besondere Ausstattung</Name>
							<Description/>
							<Children/>
						</Item>
						<Item>
							<ID>630</ID>
							<Name>Informationstechnische Ausstattung</Name>
							<Description/>
							<Children/>
						</Item>
						<Item>
							<ID>640</ID>
							<Name>Künstlerische Ausstattung</Name>
							<Description/>
							<Children>
								<Item>
									<ID>641</ID>
									<Name>Kunstobjekte</Name>
									<Description/>
									<Children/>
								</Item>
								<Item>
									<ID>642</ID>
									<Name>Künstlerische Gestaltung des Bauwerks</Name>
									<Description/>
									<Children/>
								</Item>
								<Item>
									<ID>643</ID>
									<Name>Künstlerische Gestaltung der Außenanlagen und Freiflächen</Name>
									<Description/>
									<Children/>
								</Item>
								<Item>
									<ID>649</ID>
									<Name>Sonstiges zur KG 640</Name>
									<Description/>
									<Children/>
								</Item>
							</Children>
						</Item>
						<Item>
							<ID>690</ID>
							<Name>Sonstige Ausstattung</Name>
							<Description/>
							<Children/>
						</Item>
					</Children>
				</Item>
			</Items>
		</System>
	</Classification>
</BuildingInformation>
