{
  "IFCVersion": 26,
  "ExchangeRequirement": 3,
  "IFCFileType": 0,
  "ActivePhaseId": -1,
  "SpaceBoundaries": 0,
  "SplitWallsAndColumns": false,
  "IncludeSteelElements": true,
  "ProjectAddress": {
    "UpdateProjectInformation": false,
    "AssignAddressToSite": false,
    "AssignAddressToBuilding": true
  },
  "Export2DElements": false,
  "ExportLinkedFiles": false,
  "VisibleElementsOfCurrentView": false,
  "ExportRoomsInView": false,
  "ExportInternalRevitPropertySets": true,
  "ExportIFCCommonPropertySets": true,
  "ExportBaseQuantities": true,
  "ExportSchedulesAsPsets": false,
  "ExportSpecificSchedules": false,
  "ExportUserDefinedPsets": false,
  "ExportUserDefinedPsetsFileName": "",
  "ExportUserDefinedParameterMapping": false,
  "ExportUserDefinedParameterMappingFileName": "",
  "ClassificationSettings": {
    "ClassificationName": null,
    "ClassificationEdition": null,
    "ClassificationSource": null,
    "ClassificationEditionDate": "\/Date(-62135596800000)\/",
    "ClassificationLocation": null,
    "ClassificationFieldName": null
  },
  "TessellationLevelOfDetail": 0.5,
  "ExportPartsAsBuildingElements": false,
  "ExportSolidModelRep": false,
  "UseActiveViewGeometry": false,
  "UseFamilyAndTypeNameForReference": false,
  "Use2DRoomBoundaryForVolume": false,
  "IncludeSiteElevation": false,
  "StoreIFCGUID": false,
  "ExportBoundingBox": false,
  "UseOnlyTriangulation": false,
  "UseTypeNameOnlyForIfcType": false,
  "UseVisibleRevitNameAsEntityName": false,
  "SelectedSite": "Intern",
  "SitePlacement": 0,
  "GeoRefCRSName": "",
  "GeoRefCRSDesc": "",
  "GeoRefEPSGCode": "",
  "GeoRefGeodeticDatum": "",
  "GeoRefMapUnit": "",
  "ExcludeFilter": "",
  "COBieCompanyInfo": "",
  "COBieProjectInfo": "",
  "Name": "IFC-Konfiguration Revit - Madaster Export"
}